"OBJECTID","PITID","KST","ANLAG_OBJN","AKTENZEICH","STANDORT_N","KENNZEICHE","NAME_NUMBE","NAME_BEZIR","NAME","GEFAELLT","LAUFENDE_N","ART_BOTANI","ART_DEUTSC","STAMMUMFAN","KRONNENDUR","BAUMHOEHE","ZUSATZ","ERSTERFASS","REGEL_KONT","EAST","NORTH","FAELLDATUM","NAME_D","MESS_ART","MESS_DATUM","VITALITAET"
"84","00008100:000365e7","1110","1547","I 30 69","280","1547-","Goslarsche Str., Martinifriedhof","Bezirk 01","Grünanlage (GA)","0.0","1","Aesculus hippocastanum","Roßkastanie","226","0","26","","0.0","20210608000000","602745.06","5791321.34","0.0","Bäume an Wegen in Grünanlagen","korrig. photogrammetr. Messung, LP 2","1242597600.0","schwach geschädigt, 11-25%"
"85","00008100:000365ec","1110","1541","I 30 63","280","1541-","Inselwall 11 Löbbeckes Insel","Bezirk 01","Parkanlage (PA)","0.0","1","Fraxinus excelsior","Gemeine Esche","132","0","18","","0.0","20210812000000","603300.33","5791977.37","0.0","Bäume an Wegen in Grünanlagen","Felderfassung, LP 3","1242597600.0","schwach geschädigt, 11-25%"
"86","00008100:00036611","1110","1514","I 30 35","420","1514-","Amalienplatz, SJ","Bezirk 01","Spiel- und Jugendplatz (SJ)","0.0","1","Corylus colurna","Baum-Hasel","151","0","15","","0.0","20211118000000","602874.26","5792382.34","0.0","Bäume an Wegen in Grünanlagen","korrig. photogrammetr. Messung, LP 2","1242597600.0","schwach geschädigt, 11-25%"
"87","00008100:00036612","1110","1514","I 30 35","290","1514-","Amalienplatz, SJ","Bezirk 01","Spiel- und Jugendplatz (SJ)","0.0","1","Robinia pseudoacacia","Gemeine Robinie","94","0","12","","0.0","20211117000000","602944.77","5792418.97","0.0","Bäume an Wegen in Grünanlagen","korrig. photogrammetr. Messung, LP 2","1242597600.0","schwach geschädigt, 11-25%"
"88","00008100:0003661d","1110","1621","I 30 143","290","1621-","Gieselerwall vor Neustadtmühlengraben","Bezirk 01","Grünanlage (GA)","0.0","1","Robinia pseudoacacia","Gemeine Robinie","65","0","8","","0.0","20201202000000","603384.9","5790929.62","0.0","Bäume an Wegen in Grünanlagen","Felderfassung, LP 3","1242597600.0","schwach geschädigt, 11-25%"
"89","00008100:00036634","1110","1621","I 30 143","300","1621-","Gieselerwall vor Neustadtmühlengraben","Bezirk 01","Grünanlage (GA)","0.0","1","Robinia pseudoacacia","Gemeine Robinie","115","0","13","","0.0","20201202000000","603379.58","5790931.0","0.0","Bäume an Wegen in Grünanlagen","Felderfassung, LP 3","1242597600.0","schwach geschädigt, 11-25%"
"90","00008100:00036658","1110","1621","I 30 143","330","1621-","Gieselerwall vor Neustadtmühlengraben","Bezirk 01","Grünanlage (GA)","0.0","1","Cornus  species","Hartriegel","41","0","5","","0.0","20210910000000","603364.93","5790937.62","0.0","Bäume an Wegen in Grünanlagen","Felderfassung, LP 3","1242597600.0","schwach geschädigt, 11-25%"
"91","00008100:0003666d","1110","1610","I 30 132","310","1610-","Inselwall/Schubertstr.: Bosselgraben","Bezirk 01","Grünanlage (GA)","0.0","1","Acer platanoides","Spitz-Ahorn","150","0","25","","0.0","20200816000000","603718.33","5792215.25","0.0","Bäume an Wegen in Grünanlagen","korrig. photogrammetr. Messung, LP 2","1242597600.0","schwach geschädigt, 11-25%"
"92","00008100:0003668c","1110","1541","I 30 63","340","1541-","Inselwall 11 Löbbeckes Insel","Bezirk 01","Parkanlage (PA)","0.0","1","Acer platanoides","Spitz-Ahorn","137","0","17","","0.0","20210812000000","603316.19","5791990.16","0.0","Bäume an Wegen in Grünanlagen","digit. terrestr. Aufmaß, LP1","1242597600.0","schwach geschädigt, 11-25%"
"93","00008100:0003668f","1110","1499","I 30 19","350","1499-","Uferstr., Brücke Biberweg-Heizkraftwerk","Bezirk 01","Grünanlage (GA)","0.0","1","Salix alba","Silber-Weide","190","0","22","","0.0","20190123000000","603216.09","5793234.67","0.0","Bäume an Wegen in Grünanlagen","Felderfassung, LP 3","1242597600.0",""
"94","00008100:000366a9","1110","1637","I 30 158","340","1637-","Isoldestraße 60, FöS u. GS, mit Spielger.","Bezirk 01","Schule (SC)","0.0","1","Acer pseudoplatanus","Berg-Ahorn","129","0","14","","0.0","20191214000000","603805.81","5793709.92","0.0","Bäume an Wegen in Grünanlagen","Felderfassung, LP 3","1242597600.0","mittelstark geschädigt, 26-60%"
"95","00008100:000366d0","1110","1557","I 30 73","430","1557-","Sidonienstraße 3, RS, mit Garten","Bezirk 01","Schule (SC)","0.0","1","Salix caprea","Sal-Weide","101","0","14","","0.0","20220108000000","603007.77","5791415.09","0.0","Bäume an Wegen in Grünanlagen","Felderfassung, LP 3","1242597600.0","mittelstark geschädigt, 26-60%"
"96","00008100:000366ee","1110","1557","I 30 73","370","1557-","Sidonienstraße 3, RS, mit Garten","Bezirk 01","Schule (SC)","0.0","1","Aesculus hippocastanum","Roßkastanie","75","0","17","","0.0","20220108000000","603021.4","5791395.76","0.0","Bäume an Wegen in Grünanlagen","Felderfassung, LP 3","1242597600.0","schwach geschädigt, 11-25%"
"97","00008100:00036704","1110","1547","I 30 69","330","1547-","Goslarsche Str., Martinifriedhof","Bezirk 01","Grünanlage (GA)","0.0","1","Robinia pseudoacacia","Gemeine Robinie","242","0","26","","0.0","20210608000000","602777.68","5791286.35","0.0","Bäume an Wegen in Grünanlagen","korrig. photogrammetr. Messung, LP 2","1242597600.0","stark geschädigt, >60%"
"98","00008100:0003671e","1110","1621","I 30 143","340","1621-","Gieselerwall vor Neustadtmühlengraben","Bezirk 01","Grünanlage (GA)","0.0","1","Acer pseudoplatanus","Berg-Ahorn","156","0","15","","0.0","20201202000000","603360.21","5790934.08","0.0","Bäume an Wegen in Grünanlagen","Felderfassung, LP 3","1242597600.0","schwach geschädigt, 11-25%"
"99","00008100:0003672d","1110","1570","I 30 92","250","1570-","Hohetorwall->Echternstr.","Bezirk 01","Grünanlage (GA)","0.0","1","Acer pseudoplatanus","Berg-Ahorn","38","0","9","","0.0","20160902000000","603232.35","5791582.73","0.0","Bäume an Wegen in Grünanlagen","Felderfassung, LP 3","1242597600.0","schwach geschädigt, 11-25%"
"100","00008100:00036742","1110","1499","I 30 19","460","1499-","Uferstr., Brücke Biberweg-Heizkraftwerk","Bezirk 01","Grünanlage (GA)","0.0","1","Populus tremula","Espe","128","0","17","","0.0","20190123000000","603206.02","5793267.2","0.0","Bäume an Wegen in Grünanlagen","Felderfassung, LP 3","1242597600.0",""
"101","00008100:00036745","1110","1541","I 30 63","400","1541-","Inselwall 11 Löbbeckes Insel","Bezirk 01","Parkanlage (PA)","0.0","1","Acer platanoides","Spitz-Ahorn","86","0","19","","0.0","20210812000000","603335.66","5792006.62","0.0","Bäume an Wegen in Grünanlagen","Felderfassung, LP 3","1242597600.0","ohne oder kaum Schadmerkmale, 0-10%"
"102","00008100:0003674f","1110","1557","I 30 73","490","1557-","Sidonienstraße 3, RS, mit Garten","Bezirk 01","Schule (SC)","0.0","1","Acer pseudoplatanus","Berg-Ahorn","104","0","17","","0.0","20220108000000","602995.06","5791392.34","0.0","Bäume an Wegen in Grünanlagen","Felderfassung, LP 3","1242597600.0","schwach geschädigt, 11-25%"
"103","00008100:00036750","1110","1557","I 30 73","270","1557-","Sidonienstraße 3, RS, mit Garten","Bezirk 01","Schule (SC)","0.0","1","Acer pseudoplatanus","Berg-Ahorn","69","0","16","","0.0","20220107000000","603009.86","5791378.69","0.0","Bäume an Wegen in Grünanlagen","Felderfassung, LP 3","1242597600.0","mittelstark geschädigt, 26-60%"
"104","00008100:00036763","1110","1557","I 30 73","280","1557-","Sidonienstraße 3, RS, mit Garten","Bezirk 01","Schule (SC)","0.0","1","Fraxinus excelsior","Gemeine Esche","57","0","11","","0.0","20220107000000","602996.95","5791360.48","0.0","Bäume an Wegen in Grünanlagen","Felderfassung, LP 3","1242597600.0","mittelstark geschädigt, 26-60%"
"1","00008100:00045470","1110","2125","IV 10 192","1410","2125-","Bohnenkamp 18, Sportanlage SV Querum","Bezirk 04","Sportplatz, -halle m. Außenanl. (ST)","0.0","1","Quercus robur","Stiel-Eiche","125","0","22","","0.0","20211126000000","607316.39","5796190.7","0.0","Einzelbäume (Solitärfunktion)","Felderfassung, LP 3","1242597600.0","abgestorben"
"2","00008100:000459f3","1110","2125","IV 10 192","1430","2125-","Bohnenkamp 18, Sportanlage SV Querum","Bezirk 04","Sportplatz, -halle m. Außenanl. (ST)","0.0","1","Prunus serotina","Spätblühende Trauben-Kirsche","63","0","11","","0.0","20140909000000","607309.4","5796184.76","0.0","Einzelbäume (Solitärfunktion)","Felderfassung, LP 3","1242597600.0","schwach geschädigt, 11-25%"
"3","00008100:00045a38","1110","2073","IV 10 140","1400","2073-","Karl-Hintze-Weg 3A Abenteuerspielplatz Zweistromla","Bezirk 04","Grünanlage (GA)","0.0","1","Malus communis","Wildapfel","60","0","11","","0.0","20220426000000","606123.9","5793284.5","0.0","Einzelbäume (Solitärfunktion)","","","mittelstark geschädigt, 26-60%"
"4","00008100:00045a3c","1110","2125","IV 10 192","1170","2125-","Bohnenkamp 18, Sportanlage SV Querum","Bezirk 04","Sportplatz, -halle m. Außenanl. (ST)","0.0","1","Quercus robur","Stiel-Eiche","82","0","15","","0.0","20140906000000","607321.25","5796161.27","0.0","Einzelbäume (Solitärfunktion)","Felderfassung, LP 3","1242597600.0",""
"5","00008100:00045a5e","1110","2125","IV 10 192","1500","2125-","Bohnenkamp 18, Sportanlage SV Querum","Bezirk 04","Sportplatz, -halle m. Außenanl. (ST)","0.0","1","Quercus robur","Stiel-Eiche","82","0","17","","0.0","20140909000000","607311.46","5796174.43","0.0","Einzelbäume (Solitärfunktion)","Felderfassung, LP 3","1242597600.0","mittelstark geschädigt, 26-60%"
"6","00008100:00045c4a","1110","2125","IV 10 192","1420","2125-","Bohnenkamp 18, Sportanlage SV Querum","Bezirk 04","Sportplatz, -halle m. Außenanl. (ST)","0.0","1","Quercus robur","Stiel-Eiche","150","0","20","","0.0","20211126000000","607311.11","5796189.0","0.0","Einzelbäume (Solitärfunktion)","Felderfassung, LP 3","1242597600.0","abgestorben"
"7","00008100:00045f25","1110","2345","IV 20 70","310","2345-","Dammwiese-KGV -> Mittelriede","Bezirk 04","Landschaftsschutzfläche (LA)","0.0","1","Salix alba","Silber-Weide","506","0","18","","0.0","20180828000000","606707.23","5792240.84","0.0","Einzelbäume (Solitärfunktion)","Felderfassung, LP 3","1242597600.0",""
"8","00008100:00080795","1110","2454","I 20 61","270","2454-","Sielkamp, ASP","Bezirk 01","Abenteuerspielplatz (ASP)","0.0","1","Quercus robur","Stiel-Eiche","106","0","19","0","0.0","20211111000000","602488.95","5794880.19","0.0","Einzelbäume (Solitärfunktion)","Felderfassung, LP 3","1242597600.0","schwach geschädigt, 11-25%"
"9","00008100:00080796","1110","2454","I 20 61","240","2454-","Sielkamp, ASP","Bezirk 01","Abenteuerspielplatz (ASP)","0.0","1","Quercus robur","Stiel-Eiche","95","0","12","0","0.0","20211111000000","602495.48","5794865.51","0.0","Einzelbäume (Solitärfunktion)","Felderfassung, LP 3","1242597600.0","schwach geschädigt, 11-25%"
"10","00008100:00080797","1110","2454","I 20 61","290","2454-","Sielkamp, ASP","Bezirk 01","Abenteuerspielplatz (ASP)","0.0","1","Quercus robur","Stiel-Eiche","111","0","22","0","0.0","20211111000000","602485.0","5794879.59","0.0","Einzelbäume (Solitärfunktion)","Felderfassung, LP 3","1242597600.0","schwach geschädigt, 11-25%"
"11","00008100:00080798","1110","2454","I 20 61","180","2454-","Sielkamp, ASP","Bezirk 01","Abenteuerspielplatz (ASP)","0.0","1","Quercus robur","Stiel-Eiche","100","0","15","0","0.0","20211111000000","602503.32","5794846.54","0.0","Einzelbäume (Solitärfunktion)","Felderfassung, LP 3","1242597600.0","mittelstark geschädigt, 26-60%"
"12","00008100:0008079a","1110","2454","I 20 61","190","2454-","Sielkamp, ASP","Bezirk 01","Abenteuerspielplatz (ASP)","0.0","1","Quercus robur","Stiel-Eiche","83","0","7","0","0.0","20211111000000","602504.11","5794852.37","0.0","Einzelbäume (Solitärfunktion)","Felderfassung, LP 3","1242597600.0","schwach geschädigt, 11-25%"
"13","00008100:0008079b","1110","2454","I 20 61","220","2454-","Sielkamp, ASP","Bezirk 01","Abenteuerspielplatz (ASP)","0.0","1","Quercus robur","Stiel-Eiche","137","0","18","0","0.0","20211111000000","602498.82","5794858.21","0.0","Einzelbäume (Solitärfunktion)","Felderfassung, LP 3","1242597600.0","schwach geschädigt, 11-25%"
"14","00008100:0008079c","1110","2454","I 20 61","230","2454-","Sielkamp, ASP","Bezirk 01","Abenteuerspielplatz (ASP)","0.0","1","Quercus robur","Stiel-Eiche","186","0","22","0","0.0","20211111000000","602497.24","5794861.4","0.0","Einzelbäume (Solitärfunktion)","Felderfassung, LP 3","1242597600.0","schwach geschädigt, 11-25%"
"15","00008100:0008079f","1110","2454","I 20 61","160","2454-","Sielkamp, ASP","Bezirk 01","Abenteuerspielplatz (ASP)","0.0","1","Quercus robur","Stiel-Eiche","78","0","18","0","0.0","20211111000000","602511.36","5794847.2","0.0","Einzelbäume (Solitärfunktion)","Felderfassung, LP 3","1242597600.0","ohne oder kaum Schadmerkmale, 0-10%"
"16","00008100:000807a3","1110","2454","I 20 61","50","2454-","Sielkamp, ASP","Bezirk 01","Abenteuerspielplatz (ASP)","0.0","1","Tilia cordata","Winter-Linde","77","0","15","0","0.0","20211111000000","602524.7","5794850.67","0.0","Einzelbäume (Solitärfunktion)","Felderfassung, LP 3","1242597600.0","ohne oder kaum Schadmerkmale, 0-10%"
"17","00008100:000807a5","1110","2454","I 20 61","60","2454-","Sielkamp, ASP","Bezirk 01","Abenteuerspielplatz (ASP)","0.0","1","Tilia cordata","Winter-Linde","100","0","18","0","0.0","20211111000000","602524.73","5794849.97","0.0","Einzelbäume (Solitärfunktion)","Felderfassung, LP 3","1242597600.0","ohne oder kaum Schadmerkmale, 0-10%"
"18","00008100:000807a6","1110","2454","I 20 61","170","2454-","Sielkamp, ASP","Bezirk 01","Abenteuerspielplatz (ASP)","0.0","1","Quercus robur","Stiel-Eiche","175","0","27","0","0.0","20211111000000","602510.47","5794842.66","0.0","Einzelbäume (Solitärfunktion)","Felderfassung, LP 3","1242597600.0","ohne oder kaum Schadmerkmale, 0-10%"
"19","00008100:000807a7","1110","2454","I 20 61","10","2454-","Sielkamp, ASP","Bezirk 01","Abenteuerspielplatz (ASP)","0.0","1","Acer platanoides","Spitz-Ahorn","167","0","15","0","0.0","20211111000000","602535.91","5794880.59","0.0","Einzelbäume (Solitärfunktion)","Felderfassung, LP 3","1242597600.0","ohne oder kaum Schadmerkmale, 0-10%"
"20","00008100:000807ab","1110","2454","I 20 61","40","2454-","Sielkamp, ASP","Bezirk 01","Abenteuerspielplatz (ASP)","0.0","1","Carpinus betulus","Gemeine Hainbuche","76","0","16","0","0.0","20211111000000","602524.72","5794850.29","0.0","Einzelbäume (Solitärfunktion)","Felderfassung, LP 3","1242597600.0","ohne oder kaum Schadmerkmale, 0-10%"
"21","00008100:000807b9","1110","1369","I 10 131","10","1369-","In den Rosenäckern, Feuerwehr Lehndorf","Bezirk 01","Betriebshof (BI)","0.0","1","Pinus nigra","Schwarz-Kiefer","95","0","18","0","0.0","20130803000000","601062.85","5792260.88","0.0","Einzelbäume (Solitärfunktion)","Felderfassung, LP 3","1242597600.0","ohne oder kaum Schadmerkmale, 0-10%"
"22","00008100:000807bc","1110","1360","I 10 122","110","1360-","Saarplatz 2, GS Lehndorf","Bezirk 01","Schule (SC)","0.0","1","Crataegus  species","Weißdorn","35","0","6","0","0.0","20160402000000","601022.97","5792530.21","0.0","Einzelbäume (Solitärfunktion)","korrig. photogrammetr. Messung, LP 2","1242597600.0","ohne oder kaum Schadmerkmale, 0-10%"
"23","00008100:0003f375","1110","714","III 21 10","370","0714-","In den Springäckern, SB","Bezirk 03","Spiel- und Bolzplatz (SB)","0.0","1","Crataegus monogyna","Eingriffliger Weißdorn","63","0","14","","0.0","20200613000000","606815.52","5786682.96","0.0","Einzelbäume (Solitärfunktion)","Felderfassung, LP 3","1242597600.0","ohne oder kaum Schadmerkmale, 0-10%"
"24","00008100:000c08cf","1110","360","II 20 62","9110","0360-","Südsee-Gebiet","Bezirk 02","Parkanlage (PA)","0.0","1","Pinus nigra","Schwarz-Kiefer","82","0","11","","0.0","20200723000000","603549.79","5788173.78","0.0","Bäume an Wegen in Grünanlagen","Felderfassung, LP 3","1242597600.0","schwach geschädigt, 11-25%"
"25","00008100:000c08d0","1110","360","II 20 62","8840","0360-","Südsee-Gebiet","Bezirk 02","Parkanlage (PA)","0.0","1","Quercus robur","Stiel-Eiche","78","0","15","","0.0","20210723000000","603648.19","5788262.61","0.0","Bäume an Wegen in Grünanlagen","Felderfassung, LP 3","1242597600.0","schwach geschädigt, 11-25%"
"26","00008100:000c08d1","1110","360","II 20 62","8810","0360-","Südsee-Gebiet","Bezirk 02","Parkanlage (PA)","0.0","1","Quercus palustris","Sumpf-Eiche","107","0","16","","0.0","20210723000000","603657.18","5788259.74","0.0","Bäume an Wegen in Grünanlagen","Felderfassung, LP 3","1242597600.0","ohne oder kaum Schadmerkmale, 0-10%"
"27","00008100:000c08d2","1110","360","II 20 62","8830","0360-","Südsee-Gebiet","Bezirk 02","Parkanlage (PA)","0.0","1","Quercus robur","Stiel-Eiche","104","0","16","","0.0","20210723000000","603650.19","5788261.4","0.0","Bäume an Wegen in Grünanlagen","Felderfassung, LP 3","1242597600.0","schwach geschädigt, 11-25%"
"28","00008100:000c08d3","1110","360","II 20 62","8820","0360-","Südsee-Gebiet","Bezirk 02","Parkanlage (PA)","0.0","1","Quercus palustris","Sumpf-Eiche","94","0","14","","0.0","20210723000000","603654.84","5788258.78","0.0","Bäume an Wegen in Grünanlagen","Felderfassung, LP 3","1242597600.0","ohne oder kaum Schadmerkmale, 0-10%"
"29","00008100:000c08d4","1110","360","II 20 62","8770","0360-","Südsee-Gebiet","Bezirk 02","Parkanlage (PA)","0.0","1","Quercus robur","Stiel-Eiche","166","0","11","","0.0","20210723000000","603683.93","5788261.71","0.0","Bäume an Wegen in Grünanlagen","Felderfassung, LP 3","1242597600.0","mittelstark geschädigt, 26-60%"
"30","00008100:000c08d5","1110","360","II 20 62","8760","0360-","Südsee-Gebiet","Bezirk 02","Parkanlage (PA)","0.0","1","Salix alba","Silber-Weide","210","0","17","","0.0","20210723000000","603708.18","5788266.39","0.0","Bäume an Wegen in Grünanlagen","Felderfassung, LP 3","1242597600.0","schwach geschädigt, 11-25%"
"31","00008100:000c08d6","1110","360","II 20 62","8750","0360-","Südsee-Gebiet","Bezirk 02","Parkanlage (PA)","0.0","1","Fraxinus excelsior","Gemeine Esche","132","0","17","","0.0","20210723000000","603717.08","5788265.68","0.0","Bäume an Wegen in Grünanlagen","Felderfassung, LP 3","1242597600.0","schwach geschädigt, 11-25%"
"32","00008100:000c08d7","1110","360","II 20 62","8740","0360-","Südsee-Gebiet","Bezirk 02","Parkanlage (PA)","0.0","1","Salix caprea","Sal-Weide","247","0","17","","0.0","20210723000000","603721.59","5788266.52","0.0","Bäume an Wegen in Grünanlagen","Felderfassung, LP 3","1242597600.0","schwach geschädigt, 11-25%"
"33","00008100:000c08d8","1110","360","II 20 62","8800","0360-","Südsee-Gebiet","Bezirk 02","Parkanlage (PA)","0.0","1","Quercus palustris","Sumpf-Eiche","86","0","13","","0.0","20210723000000","603658.83","5788261.75","0.0","Bäume an Wegen in Grünanlagen","Felderfassung, LP 3","1242597600.0","ohne oder kaum Schadmerkmale, 0-10%"
"34","00008100:000c08d9","1110","360","II 20 62","8720","0360-","Südsee-Gebiet","Bezirk 02","Parkanlage (PA)","0.0","1","Fraxinus excelsior","Gemeine Esche","114","0","16","","0.0","20210723000000","603727.49","5788265.25","0.0","Bäume an Wegen in Grünanlagen","Felderfassung, LP 3","1242597600.0","schwach geschädigt, 11-25%"
"35","00008100:000c08da","1110","360","II 20 62","8730","0360-","Südsee-Gebiet","Bezirk 02","Parkanlage (PA)","0.0","1","Betula pendula","Sand-Birke","70","0","8","","0.0","20210723000000","603724.68","5788265.13","0.0","Bäume an Wegen in Grünanlagen","Felderfassung, LP 3","1242597600.0","abgestorben"
"36","00008100:00041553","1110","2053","IV 10 123","590","2053-","Bevenroder Str. - samt Wendeschleife","Bezirk 04","Straßengrün (SG)","0.0","1","Acer platanoides","Spitz-Ahorn","91","0","9","","0.0","20200903000000","606985.57","5795736.93","0.0","Straßenbaum","korrig. photogrammetr. Messung, LP 2","1242597600.0","schwach geschädigt, 11-25%"
"37","00008100:000410d9","1110","2053","IV 10 123","610","2053-","Bevenroder Str. - samt Wendeschleife","Bezirk 04","Straßengrün (SG)","0.0","1","Acer platanoides","Spitz-Ahorn","109","0","12","","0.0","20200903000000","606991.41","5795754.42","0.0","Straßenbaum","korrig. photogrammetr. Messung, LP 2","1242597600.0","schwach geschädigt, 11-25%"
"38","00008100:0004154e","1110","2053","IV 10 123","620","2053-","Bevenroder Str. - samt Wendeschleife","Bezirk 04","Straßengrün (SG)","0.0","1","Acer pseudoplatanus","Berg-Ahorn","103","0","13","","0.0","20190904000000","606997.4","5795771.6","0.0","Straßenbaum","korrig. photogrammetr. Messung, LP 2","1242597600.0","schwach geschädigt, 11-25%"
"39","00008100:0004154d","1110","2053","IV 10 123","640","2053-","Bevenroder Str. - samt Wendeschleife","Bezirk 04","Straßengrün (SG)","0.0","1","Acer pseudoplatanus","Berg-Ahorn","84","0","10","","0.0","20200903000000","607003.09","5795788.85","0.0","Straßenbaum","korrig. photogrammetr. Messung, LP 2","1242597600.0","schwach geschädigt, 11-25%"
"40","00008100:00041546","1110","2053","IV 10 123","670","2053-","Bevenroder Str. - samt Wendeschleife","Bezirk 04","Straßengrün (SG)","0.0","1","Acer platanoides","Spitz-Ahorn","135","0","12","","0.0","20200903000000","607017.46","5795848.5","0.0","Straßenbaum","korrig. photogrammetr. Messung, LP 2","1242597600.0","schwach geschädigt, 11-25%"
"41","00008100:00041542","1110","2053","IV 10 123","700","2053-","Bevenroder Str. - samt Wendeschleife","Bezirk 04","Straßengrün (SG)","0.0","1","Populus nigra 'Italica'","Pyramiden-Pappel","204","0","20","","0.0","20190905000000","607024.54","5795867.54","0.0","Straßenbaum","Felderfassung, LP 3","1242597600.0","schwach geschädigt, 11-25%"
"42","00008100:00fa66ba","0","0","KGV 0 34","20","2495-","Am Lehmanger KGV, 2495","Kleingartenverein","Kleingartenverein, Zust. 67.3 (KV)","0.0","1","Betula pendula","Sand-Birke","153","0","13","","0.0","20190809000000","602474.57","5789542.7","0.0","Einzelbäume (Solitärfunktion)","","","ohne oder kaum Schadmerkmale, 0-10%"
"43","00008100:00fa66bc","0","0","KGV 0 34","40","2495-","Am Lehmanger KGV, 2495","Kleingartenverein","Kleingartenverein, Zust. 67.3 (KV)","0.0","1","Betula pendula","Sand-Birke","181","0","14","","0.0","20190809000000","602461.03","5789569.48","0.0","Einzelbäume (Solitärfunktion)","","","schwach geschädigt, 11-25%"
"44","00008100:00fa66bb","0","0","KGV 0 34","30","2495-","Am Lehmanger KGV, 2495","Kleingartenverein","Kleingartenverein, Zust. 67.3 (KV)","0.0","1","Betula pendula","Sand-Birke","214","0","15","","0.0","20180529000000","602473.78","5789567.79","0.0","Einzelbäume (Solitärfunktion)","","","ohne oder kaum Schadmerkmale, 0-10%"
"45","00008100:01038df6","0","0","KGV 0 10","20","2471-","Am Bortfelder Stieg KGV","Kleingartenverein","Kleingartenverein, Zust. 67.3 (KV)","0.0","1","Tilia cordata","Winter-Linde","163","0","14","","0.0","20190813000000","601499.24","5792893.04","0.0","Einzelbäume (Solitärfunktion)","","","ohne oder kaum Schadmerkmale, 0-10%"
"46","00008100:01038df7","0","0","KGV 0 10","30","2471-","Am Bortfelder Stieg KGV","Kleingartenverein","Kleingartenverein, Zust. 67.3 (KV)","0.0","1","Prunus serrulata 'Kanzan'","Japanische Zierkirsche","240","0","6","","0.0","20190813000000","601493.86","5792884.27","0.0","Einzelbäume (Solitärfunktion)","","","schwach geschädigt, 11-25%"
"47","00008100:01038df5","0","0","KGV 0 10","10","2471-","Am Bortfelder Stieg KGV","Kleingartenverein","Kleingartenverein, Zust. 67.3 (KV)","0.0","1","Crataegus  species","Weißdorn","93","0","5","","0.0","20190813000000","601507.51","5792894.97","0.0","Einzelbäume (Solitärfunktion)","","","schwach geschädigt, 11-25%"
"48","00008100:00fa66b9","0","0","KGV 0 34","10","2495-","Am Lehmanger KGV, 2495","Kleingartenverein","Kleingartenverein, Zust. 67.3 (KV)","0.0","1","Prunus cerasifera 'Nigra'","Blutpflaume","125","0","5","","0.0","20190809000000","602495.07","5789551.84","0.0","Einzelbäume (Solitärfunktion)","","","schwach geschädigt, 11-25%"
"49","00008100:000807ce","1110","1360","I 10 122","30","1360-","Saarplatz 2, GS Lehndorf","Bezirk 01","Schule (SC)","0.0","1","Salix alba","Silber-Weide","250","0","16","0","0.0","20160731000000","600950.87","5792535.76","0.0","Einzelbäume (Solitärfunktion)","korrig. photogrammetr. Messung, LP 2","1242597600.0","ohne oder kaum Schadmerkmale, 0-10%"
"50","00008100:000807d1","1110","1354","I 10 116","160","1354-","Hannoversche Str. 29","Bezirk 01","Vorbehaltsfläche (VO)","0.0","1","Populus nigra 'Italica'","Pyramiden-Pappel","230","0","24","0","0.0","20150319000000","600993.19","5792141.79","0.0","Einzelbäume (Solitärfunktion)","Felderfassung, LP 3","1242597600.0","schwach geschädigt, 11-25%"
"51","00008100:000807d4","1110","1354","I 10 116","130","1354-","Hannoversche Str. 29","Bezirk 01","Vorbehaltsfläche (VO)","0.0","1","Populus nigra 'Italica'","Pyramiden-Pappel","188","0","22","0","0.0","20150319000000","600981.02","5792130.37","0.0","Einzelbäume (Solitärfunktion)","Felderfassung, LP 3","1242597600.0","ohne oder kaum Schadmerkmale, 0-10%"
"52","00008100:000807d6","1110","1354","I 10 116","110","1354-","Hannoversche Str. 29","Bezirk 01","Vorbehaltsfläche (VO)","0.0","1","Populus nigra 'Italica'","Pyramiden-Pappel","210","0","23","0","0.0","20150319000000","600981.92","5792126.96","0.0","Einzelbäume (Solitärfunktion)","korrig. photogrammetr. Messung, LP 2","1242597600.0","schwach geschädigt, 11-25%"
"53","00008100:000807d7","1110","1354","I 10 116","50","1354-","Hannoversche Str. 29","Bezirk 01","Vorbehaltsfläche (VO)","0.0","1","Populus nigra 'Italica'","Pyramiden-Pappel","261","0","22","0","0.0","20150319000000","600983.08","5792119.76","0.0","Einzelbäume (Solitärfunktion)","korrig. photogrammetr. Messung, LP 2","1242597600.0","schwach geschädigt, 11-25%"
"54","00008100:000807d9","1110","1354","I 10 116","20","1354-","Hannoversche Str. 29","Bezirk 01","Vorbehaltsfläche (VO)","0.0","1","Populus nigra 'Italica'","Pyramiden-Pappel","222","0","22","0","0.0","20150319000000","600984.37","5792114.73","0.0","Einzelbäume (Solitärfunktion)","korrig. photogrammetr. Messung, LP 2","1242597600.0","schwach geschädigt, 11-25%"
"55","00008100:000807da","1110","1345","I 10 107","30","1345-","Saarstr./Tangente, Trafo","Bezirk 01","Eingrünung (EG)","0.0","1","Prunus padus","Trauben-Kirsche","64","0","11","0","0.0","20160402000000","601803.45","5792423.69","0.0","Einzelbäume (Solitärfunktion)","Felderfassung, LP 3","1242597600.0","mittelstark geschädigt, 26-60%"
"56","00008100:000807db","1110","1345","I 10 107","50","1345-","Saarstr./Tangente, Trafo","Bezirk 01","Eingrünung (EG)","0.0","1","Prunus avium","Vogel-Kirsche","55","0","12","0","0.0","20160402000000","601804.08","5792426.94","0.0","Einzelbäume (Solitärfunktion)","Felderfassung, LP 3","1242597600.0","ohne oder kaum Schadmerkmale, 0-10%"
"57","00008100:000807dd","1110","1345","I 10 107","20","1345-","Saarstr./Tangente, Trafo","Bezirk 01","Eingrünung (EG)","0.0","1","Prunus padus","Trauben-Kirsche","45","0","9","0","0.0","20160402000000","601802.86","5792421.95","0.0","Einzelbäume (Solitärfunktion)","Felderfassung, LP 3","1242597600.0","stark geschädigt, >60%"
"58","00008100:000807e0","1110","1354","I 10 116","180","1354-","Hannoversche Str. 29","Bezirk 01","Vorbehaltsfläche (VO)","0.0","1","Populus nigra 'Italica'","Pyramiden-Pappel","185","0","24","0","0.0","20150319000000","601005.53","5792146.64","0.0","Einzelbäume (Solitärfunktion)","Felderfassung, LP 3","1242597600.0","schwach geschädigt, 11-25%"
"59","00008100:000807e1","1110","1354","I 10 116","170","1354-","Hannoversche Str. 29","Bezirk 01","Vorbehaltsfläche (VO)","0.0","1","Populus nigra 'Italica'","Pyramiden-Pappel","240","0","23","0","0.0","20150319000000","600992.1","5792147.16","0.0","Einzelbäume (Solitärfunktion)","Felderfassung, LP 3","1242597600.0","schwach geschädigt, 11-25%"
"60","00008100:00033ea5","1110","1119","I 20 244","320","1119-","Bienroder Weg/Riekestraße/H.-Jasper-Haus, SB","Bezirk 01","Spiel- und Bolzplatz (SB)","0.0","1","Tilia cordata","Winter-Linde","138","0","18","","0.0","20200725000000","605174.73","5795093.66","0.0","Bäume an Wegen in Grünanlagen","Felderfassung, LP 3","1242597600.0","schwach geschädigt, 11-25%"
"61","00008100:00033ead","1110","1119","I 20 244","510","1119-","Bienroder Weg/Riekestraße/H.-Jasper-Haus, SB","Bezirk 01","Spiel- und Bolzplatz (SB)","0.0","1","Carpinus betulus","Gemeine Hainbuche","53","0","12","","0.0","20200725000000","605222.92","5795128.03","0.0","Bäume an Wegen in Grünanlagen","Felderfassung, LP 3","1242597600.0","ohne oder kaum Schadmerkmale, 0-10%"
"62","00008100:00033eb3","1110","1119","I 20 244","350","1119-","Bienroder Weg/Riekestraße/H.-Jasper-Haus, SB","Bezirk 01","Spiel- und Bolzplatz (SB)","0.0","1","Carpinus betulus","Gemeine Hainbuche","44","0","16","","0.0","20200725000000","605182.82","5795091.81","0.0","Bäume an Wegen in Grünanlagen","Felderfassung, LP 3","1242597600.0","schwach geschädigt, 11-25%"
"63","00008100:00033edd","1110","1119","I 20 244","330","1119-","Bienroder Weg/Riekestraße/H.-Jasper-Haus, SB","Bezirk 01","Spiel- und Bolzplatz (SB)","0.0","1","Carpinus betulus","Gemeine Hainbuche","60","0","17","","0.0","20200725000000","605177.45","5795095.33","0.0","Bäume an Wegen in Grünanlagen","Felderfassung, LP 3","1242597600.0","schwach geschädigt, 11-25%"
"64","00008100:000363b5","1110","1664","I 30 186","460","1664-","Gaußberg mit Denkmal, bis Umflutgraben","Bezirk 01","Parkanlage (PA)","0.0","1","Acer platanoides","Spitz-Ahorn","76","0","13","","0.0","20210826000000","603953.4","5792499.57","0.0","Bäume an Wegen in Grünanlagen","Felderfassung, LP 3","1242597600.0","schwach geschädigt, 11-25%"
"65","00008100:000363b7","1110","1664","I 30 186","490","1664-","Gaußberg mit Denkmal, bis Umflutgraben","Bezirk 01","Parkanlage (PA)","0.0","1","Acer platanoides","Spitz-Ahorn","112","0","18","","0.0","20200826000000","603957.83","5792503.41","0.0","Bäume an Wegen in Grünanlagen","Felderfassung, LP 3","1242597600.0","schwach geschädigt, 11-25%"
"66","00008100:000363b9","1110","1664","I 30 186","450","1664-","Gaußberg mit Denkmal, bis Umflutgraben","Bezirk 01","Parkanlage (PA)","0.0","1","Acer platanoides","Spitz-Ahorn","129","0","16","","0.0","20180220000000","603951.57","5792498.52","0.0","Bäume an Wegen in Grünanlagen","Felderfassung, LP 3","1242597600.0","ohne oder kaum Schadmerkmale, 0-10%"
"67","00008100:000363bb","1110","1664","I 30 186","440","1664-","Gaußberg mit Denkmal, bis Umflutgraben","Bezirk 01","Parkanlage (PA)","0.0","1","Carpinus betulus","Gemeine Hainbuche","86","0","9","","0.0","20210826000000","603949.08","5792497.39","0.0","Bäume an Wegen in Grünanlagen","Felderfassung, LP 3","1242597600.0",""
"68","00008100:000363c0","1110","1664","I 30 186","420","1664-","Gaußberg mit Denkmal, bis Umflutgraben","Bezirk 01","Parkanlage (PA)","0.0","1","Robinia pseudoacacia","Gemeine Robinie","130","0","11","","0.0","20200826000000","603945.89","5792505.42","0.0","Bäume an Wegen in Grünanlagen","korrig. photogrammetr. Messung, LP 2","1242597600.0","schwach geschädigt, 11-25%"
"69","00008100:000363c1","1110","1664","I 30 186","410","1664-","Gaußberg mit Denkmal, bis Umflutgraben","Bezirk 01","Parkanlage (PA)","0.0","1","Robinia pseudoacacia","Gemeine Robinie","151","0","10","","0.0","20190827000000","603942.45","5792505.72","0.0","Bäume an Wegen in Grünanlagen","korrig. photogrammetr. Messung, LP 2","1242597600.0","schwach geschädigt, 11-25%"
"70","00008100:000363c3","1110","1664","I 30 186","400","1664-","Gaußberg mit Denkmal, bis Umflutgraben","Bezirk 01","Parkanlage (PA)","0.0","1","Robinia pseudoacacia","Gemeine Robinie","164","0","18","","0.0","20190827000000","603943.66","5792507.45","0.0","Bäume an Wegen in Grünanlagen","korrig. photogrammetr. Messung, LP 2","1242597600.0","schwach geschädigt, 11-25%"
"71","00008100:000363c4","1110","1664","I 30 186","390","1664-","Gaußberg mit Denkmal, bis Umflutgraben","Bezirk 01","Parkanlage (PA)","0.0","1","Robinia pseudoacacia","Gemeine Robinie","79","0","8","","0.0","20200826000000","603929.62","5792498.3","0.0","Bäume an Wegen in Grünanlagen","korrig. photogrammetr. Messung, LP 2","1242597600.0","schwach geschädigt, 11-25%"
"72","00008100:000363c8","1110","1664","I 30 186","340","1664-","Gaußberg mit Denkmal, bis Umflutgraben","Bezirk 01","Parkanlage (PA)","0.0","1","Pterocarya fraxinifolia","Kaukasische Flügelnuß","158","0","19","","0.0","20200826000000","603961.28","5792507.84","0.0","Bäume an Wegen in Grünanlagen","Felderfassung, LP 3","1242597600.0","schwach geschädigt, 11-25%"
"73","00008100:000363ca","1110","1664","I 30 186","320","1664-","Gaußberg mit Denkmal, bis Umflutgraben","Bezirk 01","Parkanlage (PA)","0.0","1","Fraxinus excelsior","Gemeine Esche","111","0","17","","0.0","20200826000000","603970.2","5792502.12","0.0","Bäume an Wegen in Grünanlagen","Felderfassung, LP 3","1242597600.0","mittelstark geschädigt, 26-60%"
"74","00008100:000363cd","1110","1664","I 30 186","310","1664-","Gaußberg mit Denkmal, bis Umflutgraben","Bezirk 01","Parkanlage (PA)","0.0","1","Acer pseudoplatanus","Berg-Ahorn","114","0","17","","0.0","20200826000000","603974.2","5792497.46","0.0","Bäume an Wegen in Grünanlagen","Felderfassung, LP 3","1242597600.0","schwach geschädigt, 11-25%"
"75","00008100:000363d0","1110","1664","I 30 186","350","1664-","Gaußberg mit Denkmal, bis Umflutgraben","Bezirk 01","Parkanlage (PA)","0.0","1","Pterocarya fraxinifolia","Kaukasische Flügelnuß","138","0","19","","0.0","20200826000000","603957.87","5792508.34","0.0","Bäume an Wegen in Grünanlagen","Felderfassung, LP 3","1242597600.0","schwach geschädigt, 11-25%"
"76","00008100:000363d3","1110","1664","I 30 186","280","1664-","Gaußberg mit Denkmal, bis Umflutgraben","Bezirk 01","Parkanlage (PA)","0.0","1","Pterocarya fraxinifolia","Kaukasische Flügelnuß","162","0","21","","0.0","20200826000000","603981.68","5792488.94","0.0","Bäume an Wegen in Grünanlagen","Felderfassung, LP 3","1242597600.0","schwach geschädigt, 11-25%"
"77","00008100:0003650a","1110","1637","I 30 158","320","1637-","Isoldestraße 60, FöS u. GS, mit Spielger.","Bezirk 01","Schule (SC)","0.0","1","Pinus nigra","Schwarz-Kiefer","79","0","14","","0.0","20190924000000","603805.23","5793713.32","0.0","Bäume an Wegen in Grünanlagen","Felderfassung, LP 3","1242597600.0","schwach geschädigt, 11-25%"
"78","00008100:0003652b","1110","1621","I 30 143","310","1621-","Gieselerwall vor Neustadtmühlengraben","Bezirk 01","Grünanlage (GA)","0.0","1","Robinia pseudoacacia","Gemeine Robinie","121","0","15","","0.0","20201202000000","603372.19","5790931.52","0.0","Bäume an Wegen in Grünanlagen","Felderfassung, LP 3","1242597600.0","schwach geschädigt, 11-25%"
"79","00008100:00036539","1110","1541","I 30 63","310","1541-","Inselwall 11 Löbbeckes Insel","Bezirk 01","Parkanlage (PA)","0.0","1","Acer platanoides","Spitz-Ahorn","75","0","20","","0.0","20180212000000","603312.99","5791985.02","0.0","Bäume an Wegen in Grünanlagen","Felderfassung, LP 3","1242597600.0","schwach geschädigt, 11-25%"
